{"global_admm/rte_stderr":0.03006330041190266,"global_admm/piqa_stderr":0.011313980666854533,"_step":8339,"global_admm/arc_easy_acc":0.4132996632996633,"eval/primal_residual":1.517971158027649,"global_admm/race_acc":0.27464114832535885,"global_admm/winogrande_acc":0.5035516969218626,"global_admm/openbookqa_stderr":0.01607198236791176,"train/global_step":4096,"train/ADMM_mask_hamming_step":0.010630878619849682,"train/ADMM_mask_iou_initial":0.959377110004425,"total_flos":3.4248069218304e+16,"global_admm/hellaswag_stderr":0.004507296196227775,"train/learning_rate":0,"global_admm/arc_easy_stderr":0.010104361780747521,"train/ADMM_mask_hamming_initial":0.0207295473664999,"eval/samples_per_second":5.664,"train/loss":3.1366,"eval/sparse_loss":3.389209270477295,"global_admm/race_stderr":0.013813667920904082,"ppl_test(c4)":32.4205322265625,"global_admm/arc_challenge_acc":0.20392491467576793,"global_admm/hellaswag_acc":0.2855008962358096,"train/epoch":1,"train/ADMM_mask_iou_step":0.9789619445800781,"global_admm/openbookqa_acc":0.152,"eval/steps_per_second":5.664,"eval/scaled_dual_residual":0.021396193653345108,"train/train_cross_entropy_loss":3.3650387952802703,"eval/relative_residual":0.004756145603779323,"global_admm/rte_acc":0.5234657039711191,"train_steps_per_second":0.497,"eval/loss":3.3900601863861084,"train/ADMM_max_lmda":0.01,"train/grad_norm":2.2580668926239014,"global_admm/boolq_acc":0.5688073394495413,"ppl_test(wikitext2)":37.938133239746094,"train_samples_per_second":3.972,"eval/dual_residual":2.1396191120147705,"train/ADMM_min_lmda":0.01,"sparsity_ratio":0.5,"eval/runtime":0.7063,"global_admm/boolq_stderr":0.0086618531281656,"train_runtime":8248.7815,"train/ADMM_avg_lmda":0.010000000000000005,"_runtime":11315.13179602,"global_admm/piqa_acc":0.6218715995647442,"_timestamp":1.7718689729114034e+09,"_wandb":{"runtime":11315},"global_admm/arc_challenge_stderr":0.011774262478702254,"global_admm/winogrande_stderr":0.014052131146915867}